incident_date,county_name,crime_type,incident_count,cleared_count,population,crime_rate_per_100k,clearance_rate
2020-01-01,Cook,Larceny-Theft,56413,22140,5173363,1090.4512209949312,0.39246273022175737
2020-01-01,Lake,Violent Crime,3965,1311,714342,555.0562615665885,0.33064312736443885
2020-02-01,Lake,Burglary,2846,690,714342,398.40860540189436,0.24244553759662685
2020-02-01,Kankakee,Aggravated Assault,479,79,107502,445.57310561663974,0.1649269311064718
2020-03-01,LaSalle,Robbery,333,66,109658,303.67141476226084,0.1981981981981982
2020-03-01,McHenry,Rape,461,81,307774,149.78523202089846,0.175704989154013
2020-05-01,Cook,Rape,7184,1844,5173363,138.86518305404047,0.2566815144766147
2020-06-01,Sangamon,Burglary,900,230,196778,457.36820172986813,0.25555555555555554
2020-06-01,Kankakee,Robbery,232,38,107502,215.80993841975032,0.16379310344827586
2020-06-01,McHenry,Property Crime,7384,1770,307774,2399.1630222176013,0.23970747562296857
2020-08-01,Peoria,Violent Crime,1322,232,179179,737.8096763571624,0.17549167927382753
2020-08-01,Kane,Aggravated Assault,2022,338,516522,391.46444875532893,0.1671612265084075
2020-10-01,Macon,Rape,105,34,104286,100.68465565847765,0.3238095238095238
2020-10-01,McLean,Larceny-Theft,2144,821,170954,1254.1385401920984,0.3829291044776119
2020-10-01,Lake,Burglary,2919,899,714342,408.6278001293498,0.3079821856800274
2020-10-01,Kankakee,Rape,109,31,107502,101.3934624472103,0.28440366972477066
2020-11-01,McLean,Aggravated Assault,1028,243,170954,601.3313522935994,0.23638132295719844
2020-11-01,McHenry,Aggravated Assault,1955,627,307774,635.2063527133546,0.3207161125319693
2020-12-01,Winnebago,Burglary,1327,509,285350,465.04292973541266,0.3835719668425019
2021-01-01,Lake,Violent Crime,4067,928,714342,569.3351363912524,0.2281780181952299
2021-01-01,Champaign,Violent Crime,1223,481,205865,594.0786437714036,0.39329517579721995
2021-02-01,Rock Island,Rape,102,31,144277,70.69733914622567,0.30392156862745096
2021-02-01,Sangamon,Motor Vehicle Theft,510,126,196778,259.17531431359197,0.24705882352941178
2021-04-01,Madison,Burglary,1625,473,265859,611.2262515092586,0.29107692307692307
2021-04-01,Winnebago,Violent Crime,2558,860,285350,896.4429647800946,0.33620015637216577
2021-04-01,Rock Island,Motor Vehicle Theft,369,66,144277,255.75802102899286,0.17886178861788618
2021-05-01,McHenry,Larceny-Theft,5207,1705,307774,1691.8258202447253,0.32744382561935853
2021-05-01,Champaign,Robbery,563,212,205865,273.4801933305807,0.3765541740674956
2021-06-01,DuPage,Rape,827,128,932877,88.65048661291897,0.154776299879081
2021-06-01,Kankakee,Rape,122,32,107502,113.48626072073078,0.26229508196721313
2021-07-01,Tazewell,Violent Crime,1140,213,131343,867.9564194513603,0.1868421052631579
2021-07-01,St. Clair,Property Crime,5140,826,257400,1996.891996891997,0.16070038910505838
2021-07-01,Peoria,Aggravated Assault,1156,417,179179,645.1648909749468,0.3607266435986159
2021-08-01,Winnebago,Aggravated Assault,2180,329,285350,763.9740669353425,0.15091743119266054
2021-08-01,Winnebago,Robbery,848,320,285350,297.17890310145435,0.37735849056603776
2021-10-01,DeKalb,Property Crime,1576,564,100420,1569.4084843656642,0.35786802030456855
2021-11-01,LaSalle,Property Crime,1978,323,109658,1803.7899651644204,0.16329625884732052
2021-11-01,Rock Island,Larceny-Theft,968,243,144277,670.9316107210436,0.2510330578512397
2021-12-01,Winnebago,Violent Crime,2004,556,285350,702.295426669003,0.2774451097804391
2021-12-01,McHenry,Burglary,1537,609,307774,499.39241131479594,0.39622641509433965
2022-01-01,Rock Island,Robbery,212,81,144277,146.93956763725333,0.38207547169811323
2022-01-01,Kankakee,Property Crime,1183,257,107502,1100.4446428903648,0.2172442941673711
2022-02-01,Kendall,Rape,164,59,131869,124.3658479248345,0.3597560975609756
2022-02-01,DuPage,Larceny-Theft,6702,2268,932877,718.4226859489514,0.3384064458370636
2022-02-01,Sangamon,Rape,178,40,196778,90.45726656435171,0.2247191011235955
2022-03-01,Champaign,Larceny-Theft,2361,658,205865,1146.8680931678527,0.27869546802202455
2022-03-01,Madison,Aggravated Assault,1838,702,265859,691.3439078609338,0.381936887921654
2022-03-01,Rock Island,Larceny-Theft,1081,279,144277,749.253172716372,0.25809435707678074
2022-04-01,McHenry,Motor Vehicle Theft,1531,487,307774,497.4429289023764,0.31809274983670804
2022-05-01,Rock Island,Property Crime,1748,645,144277,1211.5583218392396,0.36899313501144165
2022-05-01,Kane,Robbery,867,184,516522,167.85345057906537,0.2122260668973472
2022-07-01,Sangamon,Violent Crime,1356,293,196778,689.101423939668,0.21607669616519173
2022-08-01,Peoria,Robbery,402,64,179179,224.3566489376545,0.15920398009950248
2022-10-01,Sangamon,Larceny-Theft,1900,527,196778,965.5550925408329,0.2773684210526316
2022-10-01,Kankakee,Aggravated Assault,417,81,107502,387.899760004465,0.19424460431654678
2022-11-01,Macon,Larceny-Theft,1138,236,104286,1091.2298870414054,0.20738137082601055
2022-11-01,Kankakee,Larceny-Theft,843,164,107502,784.1714572752136,0.19454329774614473
2022-12-01,LaSalle,Property Crime,1903,367,109658,1735.3955023801275,0.1928533893851813
2022-12-01,Winnebago,Aggravated Assault,1733,306,285350,607.3243385316277,0.1765724177726486
2023-02-01,DeKalb,Motor Vehicle Theft,342,60,100420,340.5696076478789,0.17543859649122806
2023-03-01,Kendall,Violent Crime,1025,281,131869,777.2865495302156,0.27414634146341466
2023-05-01,Sangamon,Violent Crime,1371,380,196778,696.7242273018326,0.27716994894237784
2023-05-01,McLean,Rape,271,71,170954,158.5221755559975,0.26199261992619927
2023-05-01,Cook,Property Crime,102103,40102,5173363,1973.6291460699742,0.39276025190249064
2023-05-01,Macon,Aggravated Assault,707,155,104286,677.9433481004162,0.21923620933521923
2023-06-01,Will,Burglary,3947,1319,696355,566.8085961901617,0.3341778565999493
2023-06-01,Kane,Property Crime,6357,2070,516522,1230.7317016506559,0.32562529495044834
2023-06-01,Champaign,Property Crime,3780,1438,205865,1836.154761615622,0.38042328042328044
2023-07-01,Kendall,Larceny-Theft,1938,511,131869,1469.6403248678612,0.26367389060887514
2023-08-01,Cook,Burglary,27851,4814,5173363,538.3538715531851,0.1728483716922193
2023-08-01,Madison,Motor Vehicle Theft,1203,253,265859,452.4954957327004,0.21030756442227763
2023-08-01,Macon,Burglary,530,192,104286,508.21778570469667,0.3622641509433962
2023-09-01,Will,Property Crime,12192,2113,696355,1750.831113440702,0.17331036745406825
2023-09-01,Lake,Robbery,1542,567,714342,215.8629899963883,0.36770428015564205
2023-10-01,Macon,Violent Crime,685,137,104286,656.847515486259,0.2
2023-10-01,Macon,Rape,112,41,104286,107.39696603570948,0.36607142857142855
2023-12-01,Sangamon,Burglary,677,212,196778,344.04252507902305,0.31314623338257014
2024-01-01,LaSalle,Property Crime,1984,361,109658,1809.2615221871638,0.1819556451612903
2024-01-01,Kankakee,Violent Crime,505,123,107502,469.75870216368065,0.24356435643564356
2024-02-01,DeKalb,Aggravated Assault,544,116,100420,541.7247560246963,0.21323529411764705
2024-02-01,Peoria,Larceny-Theft,1862,599,179179,1039.1842794077431,0.3216970998925886
2024-02-01,LaSalle,Aggravated Assault,752,251,109658,685.7684801838443,0.3337765957446808
2024-02-01,Macon,Violent Crime,684,115,104286,655.8886140037972,0.16812865497076024
2024-02-01,St. Clair,Property Crime,4114,865,257400,1598.2905982905984,0.21025765678172095
2024-05-01,Tazewell,Larceny-Theft,1881,421,131343,1432.1280920947445,0.22381711855396066
2024-05-01,Kendall,Burglary,787,144,131869,596.8044043710046,0.18297331639135958
2024-05-01,Macon,Motor Vehicle Theft,433,144,104286,415.2043419059126,0.3325635103926097
2024-06-01,Rock Island,Robbery,267,104,144277,185.06068188276717,0.3895131086142322
2024-06-01,DuPage,Motor Vehicle Theft,2551,448,932877,273.4551285968032,0.17561740493923952
2024-06-01,Macon,Larceny-Theft,1367,418,104286,1310.8183265251328,0.3057790782735918
2024-07-01,Sangamon,Larceny-Theft,2182,517,196778,1108.8637957495248,0.2369385884509624
2024-08-01,DuPage,Property Crime,11001,1792,932877,1179.2551429609691,0.16289428233796927
2024-08-01,Macon,Motor Vehicle Theft,392,146,104286,375.88938112498323,0.37244897959183676
2024-08-01,McHenry,Rape,492,98,307774,159.85755781839921,0.1991869918699187
2024-08-01,Winnebago,Violent Crime,2603,619,285350,912.2130716663746,0.2378025355359201
2024-10-01,Peoria,Property Crime,2649,419,179179,1478.4098582981264,0.15817289543223859
2024-12-01,McHenry,Motor Vehicle Theft,1138,448,307774,369.751830888899,0.3936731107205624
2024-12-01,Kankakee,Property Crime,1149,183,107502,1068.8173243288497,0.15926892950391644
2024-12-01,DeKalb,Aggravated Assault,497,186,100420,494.92133041226845,0.37424547283702214
2024-12-01,Macon,Property Crime,1457,538,104286,1397.119459946685,0.3692518874399451
